Beginn;Ende;Kategorien
2021-10-11;2021-10-12;us_1,ep_1
2021-10-11;2021-10-13;us_1,ep_1
2021-10-12;2021-10-14;us_2,ep_1
2021-10-13;2021-10-15;us_3,ep_1
2021-10-14;2021-10-18;us_1,ep_1
2021-10-15;2021-10-18;us_2,ep_1
2021-10-11;2021-10-19;us_4,ep_1
2021-10-18;2021-10-19;us_4,ep_1
2021-10-18;2021-10-20;us_5,ep_1
2021-10-19;2021-10-22;us_3,ep_1
2021-10-20;2021-10-22;us_5,ep_1
2021-10-21;2021-10-25;us_5,ep_1
2021-10-22;2021-10-27;us_4,ep_1
2021-10-25;2021-10-27;us_5,ep_1
2021-10-26;2021-10-27;us_6,ep_1
2021-10-25;2021-10-29;us_6,ep_1
2021-10-27;2021-10-29;us_7,ep_2
2021-10-27;2021-11-02;us_6,ep_1
2021-10-29;2021-11-02;us_7,ep_2
2021-10-28;2021-11-04;us_8,ep_2
2021-11-02;2021-11-09;us_9,ep_2
2021-11-08;2021-11-10;us_9,ep_2
2021-11-08;2021-11-12;us_9,ep_2
2021-11-10;2021-11-16;us_10,ep_2
2021-11-12;2021-11-16;us_9,ep_2
2021-11-12;2021-11-17;us_10,ep_2
2021-11-16;2021-11-17;us_11,ep_2
2021-11-17;2021-11-19;us_11,ep_2